<?xml version="1.0" encoding="UTF-8"?>
<!--
/**
 * Mageplaza
 *
 * NOTICE OF LICENSE
 *
 * This source file is subject to the Mageplaza.com license that is
 * available through the world-wide-web at this URL:
 * https://www.mageplaza.com/LICENSE.txt
 *
 * DISCLAIMER
 *
 * Do not edit or add to this file if you wish to upgrade this extension to newer
 * version in the future.
 *
 * @category    Mageplaza
 * @package     Mageplaza_Blog
 * @copyright   Copyright (c) Mageplaza (https://www.mageplaza.com/)
 * @license     https://www.mageplaza.com/LICENSE.txt
 */
-->
<schema xmlns:xsi="http://www.w3.org/2001/XMLSchema-instance"
        xsi:noNamespaceSchemaLocation="urn:magento:framework:Setup/Declaration/Schema/etc/schema.xsd">
    <table name="mageplaza_blog_post" resource="default" engine="innodb" comment="Mageplaza Blog Post Table">
        <column xsi:type="int" name="post_id" padding="10" unsigned="true" nullable="false" identity="true"
                comment="Post ID"/>
        <column xsi:type="varchar" name="name" nullable="true" length="255" comment="Post Name"/>
        <column xsi:type="mediumtext" name="short_description" nullable="true" comment="Post Short Description"/>
        <column xsi:type="mediumtext" name="post_content" nullable="true" comment="Post Content"/>
        <column xsi:type="int" name="store_ids" nullable="false" comment="Store Id"/>
        <column xsi:type="varchar" name="image" nullable="true" length="255" comment="Post Image"/>
        <column xsi:type="int" name="views" nullable="true" comment="Post Views	"/>
        <column xsi:type="int" name="enabled" padding="2" nullable="true" default="1" comment="Post Enabled"/>
        <column xsi:type="varchar" name="url_key" nullable="true" length="255" comment="Post URL Key"/>
        <column xsi:type="int" name="in_rss" padding="2" nullable="true" default="0" comment="Post In RSS"/>
        <column xsi:type="int" name="allow_comment" padding="2" nullable="false" default="0"
                comment="Post Allow Comment"/>
        <column xsi:type="varchar" name="meta_title" nullable="true" length="255" comment="Meta Title"/>
        <column xsi:type="mediumtext" name="meta_keywords" nullable="true" comment="Meta Keywords"/>
        <column xsi:type="mediumtext" name="meta_description" nullable="true" comment="Meta Description"/>
        <column xsi:type="mediumtext" name="meta_robots" nullable="true"  comment="Post Meta Robots"/>
        <column xsi:type="timestamp" name="created_at" on_update="false" nullable="true" default="CURRENT_TIMESTAMP"
                comment="Post Created At"/>
        <column xsi:type="timestamp" name="updated_at" on_update="true" nullable="true" default="CURRENT_TIMESTAMP"
                comment="Post Updated At"/>
        <column xsi:type="int" name="author_id" padding="10" unsigned="true" nullable="true" comment="Author ID"/>
        <column xsi:type="int" name="modifier_id" padding="10" unsigned="true" nullable="true" comment="Author ID"/>
        <column xsi:type="timestamp" name="publish_date" nullable="true" default="CURRENT_TIMESTAMP"
                comment="Post Updated At"/>
        <column xsi:type="mediumtext" name="import_source" nullable="true" comment="Import Source"/>
        <column xsi:type="mediumtext" name="layout" nullable="true" comment="Post Layout"/>
        <constraint xsi:type="primary" referenceId="PRIMARY">
            <column name="post_id"/>
        </constraint>
        <constraint xsi:type="foreign" referenceId="Mageplaza_Blog_Post_Blog_Author" table="mageplaza_blog_post"
                    column="author_id" referenceTable="mageplaza_blog_author" referenceColumn="user_id"
                    onDelete="CASCADE"/>
        <index referenceId="mageplaza_blog_post" indexType="btree">
            <column name="post_id"/>
            <column name="store_ids"/>
        </index>
    </table>
    <table name="mageplaza_blog_post_history" resource="default" engine="innodb" comment="Mageplaza Blog Post History Table">
        <column xsi:type="int" name="history_id" padding="10" unsigned="true" nullable="false" identity="true"
                comment="History ID"/>
        <column xsi:type="int" name="post_id" padding="10" unsigned="true" nullable="false" comment="Post Id"/>
        <column xsi:type="varchar" name="name" nullable="true" length="255" comment="Post Name"/>
        <column xsi:type="mediumtext" name="short_description" nullable="true" comment="Post Short Description"/>
        <column xsi:type="mediumtext" name="post_content" nullable="true" comment="Post Content"/>
        <column xsi:type="int" name="store_ids" nullable="false" comment="Store Id"/>
        <column xsi:type="varchar" name="image" nullable="true" length="255" comment="Post Image"/>
        <column xsi:type="int" name="views" nullable="true" comment="Post Views	"/>
        <column xsi:type="int" name="enabled" padding="2" nullable="true" default="1" comment="Post Enabled"/>
        <column xsi:type="varchar" name="url_key" nullable="true" length="255" comment="Post URL Key"/>
        <column xsi:type="int" name="in_rss" padding="2" nullable="true" default="0" comment="Post In RSS"/>
        <column xsi:type="int" name="allow_comment" padding="2" nullable="false" default="0"
                comment="Post Allow Comment"/>
        <column xsi:type="varchar" name="meta_title" nullable="true" length="255" comment="Meta Title"/>
        <column xsi:type="mediumtext" name="meta_keywords" nullable="true" comment="Meta Keywords"/>
        <column xsi:type="mediumtext" name="meta_description" nullable="true" comment="Meta Description"/>
        <column xsi:type="mediumtext" name="meta_robots" nullable="true" comment="Post Meta Robots"/>
        <column xsi:type="timestamp" name="created_at" on_update="false" nullable="true" default="CURRENT_TIMESTAMP"
                comment="Post Created At"/>
        <column xsi:type="timestamp" name="updated_at" on_update="true" nullable="true" default="CURRENT_TIMESTAMP"
                comment="Post Updated At"/>
        <column xsi:type="int" name="author_id" padding="10" unsigned="true" nullable="true" comment="Author ID"/>
        <column xsi:type="int" name="modifier_id" padding="10" unsigned="true" nullable="true" comment="Author ID"/>
        <column xsi:type="timestamp" name="publish_date" nullable="true" default="CURRENT_TIMESTAMP"
                comment="Post Updated At"/>
        <column xsi:type="mediumtext" name="import_source" nullable="true" comment="Import Source"/>
        <column xsi:type="varchar" name="category_ids" nullable="true" length="255" comment="Category Ids"/>
        <column xsi:type="varchar" name="tag_ids" nullable="true" length="255" comment="Tag Ids"/>
        <column xsi:type="varchar" name="topic_ids" nullable="true" length="255" comment="Topic Ids"/>
        <column xsi:type="mediumtext" name="product_ids" nullable="true" comment="Product Ids"/>
        <column xsi:type="mediumtext" name="layout" nullable="true" comment="Post Layout"/>
        <constraint xsi:type="primary" referenceId="PRIMARY">
            <column name="history_id"/>
        </constraint>
        <constraint xsi:type="foreign" referenceId="Mageplaza_Blog_Post_History_Blog_Post" table="mageplaza_blog_post_history"
                    column="post_id" referenceTable="mageplaza_blog_post" referenceColumn="post_id"
                    onDelete="CASCADE"/>
        <constraint xsi:type="foreign" referenceId="Mageplaza_Blog_Post_History_Blog_Author" table="mageplaza_blog_post_history"
                    column="author_id" referenceTable="mageplaza_blog_author" referenceColumn="user_id"
                    onDelete="CASCADE"/>
        <index referenceId="mageplaza_blog_post" indexType="btree">
            <column name="history_id"/>
            <column name="post_id"/>
            <column name="store_ids"/>
        </index>
    </table>
    <table name="mageplaza_blog_author" resource="default" engine="innodb" comment="Mageplaza Blog Author Table">
        <column xsi:type="int" name="user_id" padding="10" unsigned="true" nullable="false" identity="true"
                comment="Author ID"/>
        <column xsi:type="varchar" name="name" nullable="true" length="255" comment="Author Name"/>
        <column xsi:type="varchar" name="url_key" nullable="true" length="255" comment="Author URL Key"/>
        <column xsi:type="int" name="customer_id" padding="10" unsigned="true" default="0" nullable="true"
                comment="Customer ID"/>
        <column xsi:type="int" name="type" padding="10" unsigned="true" default="0" nullable="true"
                comment="Author Type"/>
        <column xsi:type="int" name="status" padding="10" unsigned="true" default="0" nullable="true"
                comment="Author Status"/>
        <column xsi:type="timestamp" name="created_at" on_update="false" nullable="true" default="CURRENT_TIMESTAMP"
                comment="Author Created At"/>
        <column xsi:type="timestamp" name="updated_at" on_update="true" nullable="true" default="CURRENT_TIMESTAMP"
                comment="Author Updated At"/>
        <column xsi:type="varchar" name="image" nullable="true" length="255" comment="Author Image"/>
        <column xsi:type="mediumtext" name="short_description" nullable="true" comment="Author Short Description"/>
        <column xsi:type="varchar" name="facebook_link" nullable="true" length="255" comment="Facebook Link"/>
        <column xsi:type="varchar" name="twitter_link" nullable="true" length="255" comment="Twitter Link"/>
        <constraint xsi:type="primary" referenceId="PRIMARY">
            <column name="user_id"/>
        </constraint>
        <index referenceId="mageplaza_blog_author" indexType="btree">
            <column name="user_id"/>
        </index>
    </table>
    <table name="mageplaza_blog_tag" resource="default" engine="innodb" comment="Mageplaza Blog Tag Table">
        <column xsi:type="int" name="tag_id" padding="10" unsigned="true" nullable="false" identity="true"
                comment="Tag ID"/>
        <column xsi:type="varchar" name="name" nullable="true" length="255" comment="Tag Name"/>
        <column xsi:type="varchar" name="url_key" nullable="true" length="255" comment="Tag URL Key"/>
        <column xsi:type="mediumtext" name="description" nullable="true" comment="Tag Description"/>
        <column xsi:type="int" name="store_ids" nullable="false" default="0" comment="Store Id"/>
        <column xsi:type="int" name="enabled" padding="2" nullable="true" default="1" comment="Tag Enabled"/>
        <column xsi:type="timestamp" name="created_at" on_update="false" nullable="true" default="CURRENT_TIMESTAMP"
                comment="Tag Created At"/>
        <column xsi:type="timestamp" name="updated_at" on_update="true" nullable="true" default="CURRENT_TIMESTAMP"
                comment="Tag Updated At"/>
        <column xsi:type="varchar" name="meta_title" nullable="true" length="255" comment="Meta Title"/>
        <column xsi:type="mediumtext" name="meta_keywords" nullable="true" comment="Meta Keywords"/>
        <column xsi:type="mediumtext" name="meta_description" nullable="true" comment="Meta Description"/>
        <column xsi:type="mediumtext" name="meta_robots" nullable="true" comment="Meta Robots"/>
        <column xsi:type="mediumtext" name="import_source" nullable="true" comment="Import Source"/>
        <constraint xsi:type="primary" referenceId="PRIMARY">
            <column name="tag_id"/>
        </constraint>
        <index referenceId="mageplaza_blog_tag" indexType="btree">
            <column name="tag_id"/>
            <column name="store_ids"/>
        </index>
    </table>
    <table name="mageplaza_blog_topic" resource="default" engine="innodb" comment="Mageplaza Blog Topic Table">
        <column xsi:type="int" name="topic_id" padding="10" unsigned="true" nullable="false" identity="true"
                comment="Topic ID"/>
        <column xsi:type="varchar" name="name" nullable="true" length="255" comment="Topic Name"/>
        <column xsi:type="varchar" name="url_key" nullable="true" length="255" comment="Topic URL Key"/>
        <column xsi:type="mediumtext" name="description" nullable="true" comment="Topic Description"/>
        <column xsi:type="int" name="store_ids" nullable="false" default="0" comment="Store Id"/>
        <column xsi:type="int" name="enabled" padding="2" nullable="true" default="1" comment="Topic Enabled"/>
        <column xsi:type="timestamp" name="created_at" on_update="false" nullable="true" default="CURRENT_TIMESTAMP"
                comment="Topic Created At"/>
        <column xsi:type="timestamp" name="updated_at" on_update="true" nullable="true" default="CURRENT_TIMESTAMP"
                comment="Topic Updated At"/>
        <column xsi:type="varchar" name="meta_title" nullable="true" length="255" comment="Meta Title"/>
        <column xsi:type="mediumtext" name="meta_keywords" nullable="true" comment="Meta Keywords"/>
        <column xsi:type="mediumtext" name="meta_description" nullable="true" comment="Meta Description"/>
        <column xsi:type="mediumtext" name="meta_robots" nullable="true" comment="Meta Robots"/>
        <column xsi:type="mediumtext" name="import_source" nullable="true" comment="Import Source"/>
        <constraint xsi:type="primary" referenceId="PRIMARY">
            <column name="topic_id"/>
        </constraint>
        <index referenceId="mageplaza_blog_topic" indexType="btree">
            <column name="topic_id"/>
            <column name="store_ids"/>
        </index>
    </table>
    <table name="mageplaza_blog_category" resource="default" engine="innodb" comment="Mageplaza Blog Category Table">
        <column xsi:type="int" name="category_id" padding="10" unsigned="true" nullable="false" identity="true"
                comment="Category ID"/>
        <column xsi:type="varchar" name="name" nullable="true" length="255" comment="Category Name"/>
        <column xsi:type="varchar" name="url_key" nullable="true" length="255" comment="Category URL Key"/>
        <column xsi:type="mediumtext" name="description" nullable="true" comment="Category Description"/>
        <column xsi:type="int" name="store_ids" nullable="false" default="0" comment="Store Id"/>
        <column xsi:type="int" name="enabled" padding="2" nullable="true" default="1" comment="Category Enabled"/>
        <column xsi:type="varchar" name="meta_title" nullable="true" length="255" comment="Meta Title"/>
        <column xsi:type="mediumtext" name="meta_keywords" nullable="true" comment="Meta Keywords"/>
        <column xsi:type="mediumtext" name="meta_description" nullable="true" comment="Meta Description"/>
        <column xsi:type="mediumtext" name="meta_robots" nullable="true" comment="Meta Robots"/>
        <column xsi:type="int" name="parent_id" padding="11" nullable="true" comment="Category Parent ID"/>
        <column xsi:type="varchar" name="path" nullable="true" length="255" comment="Category Path"/>
        <column xsi:type="int" name="position" padding="11" nullable="true" comment="Category Position"/>
        <column xsi:type="int" name="level" padding="11" nullable="true" comment="Category Level"/>
        <column xsi:type="int" name="children_count" padding="11" nullable="true" comment="Category Children Count"/>
        <column xsi:type="timestamp" name="created_at" on_update="false" nullable="true" default="CURRENT_TIMESTAMP"
                comment="Category Created At"/>
        <column xsi:type="timestamp" name="updated_at" on_update="true" nullable="true" default="CURRENT_TIMESTAMP"
                comment="Category Updated At"/>
        <column xsi:type="mediumtext" name="import_source" nullable="true" comment="Import Source"/>
        <constraint xsi:type="primary" referenceId="PRIMARY">
            <column name="category_id"/>
        </constraint>
        <index referenceId="mageplaza_blog_category" indexType="btree">
            <column name="category_id"/>
            <column name="store_ids"/>
        </index>
    </table>
    <table name="mageplaza_blog_comment" resource="default" engine="innodb" comment="Mageplaza Blog Comment Table">
        <column xsi:type="int" name="comment_id" padding="10" unsigned="true" nullable="false" identity="true"
                comment="Comment ID"/>
        <column xsi:type="int" name="post_id" padding="10" unsigned="true" nullable="true" comment="Post ID"/>
        <column xsi:type="int" name="entity_id" padding="10" unsigned="true" nullable="true" comment="User ID"/>
        <column xsi:type="int" name="has_reply" padding="5" unsigned="true" nullable="true" comment="Comment has reply"/>
        <column xsi:type="int" name="is_reply" padding="5" unsigned="true" nullable="true" comment="Is reply comment"/>
        <column xsi:type="int" name="reply_id" padding="10" unsigned="true" nullable="true" comment="Reply ID"/>
        <column xsi:type="mediumtext" name="content" nullable="true"/>
        <column xsi:type="timestamp" name="created_at" on_update="false" nullable="true" default="CURRENT_TIMESTAMP"/>
        <column xsi:type="int" name="status" padding="5" unsigned="true" default="3" nullable="false" comment="Status"/>
        <column xsi:type="int" name="store_ids" nullable="false" default="0" comment="Store Id"/>
        <column xsi:type="mediumtext" name="user_name" nullable="true" comment="User Name"/>
        <column xsi:type="mediumtext" name="user_email" nullable="true" comment="User Email"/>
        <column xsi:type="mediumtext" name="import_source" nullable="true" comment="Import Source"/>
        <constraint xsi:type="primary" referenceId="PRIMARY">
            <column name="comment_id"/>
        </constraint>
        <constraint xsi:type="foreign" referenceId="Mageplaza_Blog_Comment_Blog_Post" table="mageplaza_blog_comment"
                    column="post_id" referenceTable="mageplaza_blog_post" referenceColumn="post_id"
                    onDelete="CASCADE"/>
        <index referenceId="mageplaza_blog_comment" indexType="btree">
            <column name="comment_id"/>
            <column name="store_ids"/>
        </index>
    </table>
    <table name="mageplaza_blog_comment_like" resource="default" engine="innodb"
           comment="Mageplaza Blog Comment Like Table">
        <column xsi:type="int" name="like_id" padding="10" unsigned="true" nullable="false" identity="true"
                comment="like ID"/>
        <column xsi:type="int" name="comment_id" padding="10" unsigned="true" nullable="true" comment="Comment ID"/>
        <column xsi:type="int" name="entity_id" padding="10" unsigned="true" nullable="true" comment="User ID"/>
        <constraint xsi:type="primary" referenceId="PRIMARY">
            <column name="like_id"/>
        </constraint>
        <constraint xsi:type="foreign" referenceId="Mageplaza_Blog_Comment_Like_Blog_Comment"
                    table="mageplaza_blog_comment_like"
                    column="comment_id" referenceTable="mageplaza_blog_comment" referenceColumn="comment_id"
                    onDelete="CASCADE"/>
        <constraint xsi:type="foreign" referenceId="Mageplaza_Blog_Comment_Like_Customer_Entity"
                    table="mageplaza_blog_comment_like"
                    column="entity_id" referenceTable="customer_entity" referenceColumn="entity_id"
                    onDelete="CASCADE"/>
        <index referenceId="mageplaza_blog_comment_like" indexType="btree">
            <column name="like_id"/>
        </index>
    </table>
    <table name="mageplaza_blog_post_category" resource="default" engine="innodb"
           comment="Mageplaza Blog Post Category Table">
        <column xsi:type="int" name="category_id" padding="10" unsigned="true" nullable="false" comment="Category ID"/>
        <column xsi:type="int" name="post_id" padding="10" unsigned="true" nullable="false" comment="Post ID"/>
        <column xsi:type="int" name="position" padding="11" nullable="false" default="0" comment="Position"/>
        <constraint xsi:type="primary" referenceId="PRIMARY">
            <column name="category_id"/>
            <column name="post_id"/>
        </constraint>
        <constraint xsi:type="foreign" referenceId="Mageplaza_Blog_Post_Category_Blog_Category"
                    table="mageplaza_blog_post_category"
                    column="category_id" referenceTable="mageplaza_blog_category" referenceColumn="category_id"
                    onDelete="CASCADE"/>
        <constraint xsi:type="foreign" referenceId="Mageplaza_Blog_Post_Category_Blog_Post"
                    table="mageplaza_blog_post_category"
                    column="post_id" referenceTable="mageplaza_blog_post" referenceColumn="post_id"
                    onDelete="CASCADE"/>
        <index referenceId="mageplaza_blog_post_category" indexType="btree">
            <column name="post_id"/>
            <column name="category_id"/>
        </index>
    </table>
    <table name="mageplaza_blog_post_tag" resource="default" engine="innodb" comment="Mageplaza Blog Post Tag Table">
        <column xsi:type="int" name="tag_id" padding="10" unsigned="true" nullable="false" comment="Tag ID"/>
        <column xsi:type="int" name="post_id" padding="10" unsigned="true" nullable="false" comment="Post ID"/>
        <column xsi:type="int" name="position" padding="11" nullable="false" default="0" comment="Position"/>
        <constraint xsi:type="primary" referenceId="PRIMARY">
            <column name="tag_id"/>
            <column name="post_id"/>
        </constraint>
        <constraint xsi:type="foreign" referenceId="Mageplaza_Blog_Post_Tag_Blog_Tag" table="mageplaza_blog_post_tag"
                    column="tag_id" referenceTable="mageplaza_blog_tag" referenceColumn="tag_id"
                    onDelete="CASCADE"/>
        <constraint xsi:type="foreign" referenceId="Mageplaza_Blog_Post_Tag_Blog_Post" table="mageplaza_blog_post_tag"
                    column="post_id" referenceTable="mageplaza_blog_post" referenceColumn="post_id"
                    onDelete="CASCADE"/>
        <index referenceId="mageplaza_blog_post_tag" indexType="btree">
            <column name="post_id"/>
            <column name="tag_id"/>
        </index>
    </table>
    <table name="mageplaza_blog_post_topic" resource="default" engine="innodb"
           comment="Mageplaza Blog Post Topic Table">
        <column xsi:type="int" name="topic_id" padding="10" unsigned="true" nullable="false" comment="Topic ID"/>
        <column xsi:type="int" name="post_id" padding="10" unsigned="true" nullable="false" comment="Post ID"/>
        <column xsi:type="int" name="position" padding="11" nullable="false" default="0" comment="Position"/>
        <constraint xsi:type="primary" referenceId="PRIMARY">
            <column name="topic_id"/>
            <column name="post_id"/>
        </constraint>
        <constraint xsi:type="foreign" referenceId="Mageplaza_Blog_Post_Topic_Blog_Topic"
                    table="mageplaza_blog_post_topic"
                    column="topic_id" referenceTable="mageplaza_blog_topic" referenceColumn="topic_id"
                    onDelete="CASCADE"/>
        <constraint xsi:type="foreign" referenceId="Mageplaza_Blog_Post_Topic_Blog_Post"
                    table="mageplaza_blog_post_topic"
                    column="post_id" referenceTable="mageplaza_blog_post" referenceColumn="post_id"
                    onDelete="CASCADE"/>
        <index referenceId="mageplaza_blog_post_topic" indexType="btree">
            <column name="topic_id"/>
            <column name="post_id"/>
        </index>
    </table>
    <table name="mageplaza_blog_post_product" resource="default" engine="innodb"
           comment="Mageplaza Blog Post Product Table">
        <column xsi:type="int" name="post_id" padding="10" unsigned="true" nullable="false" comment="Post ID"/>
        <column xsi:type="int" name="entity_id" padding="10" unsigned="true" nullable="false" comment="Entity ID"/>
        <column xsi:type="int" name="position" padding="11" nullable="false" default="0" comment="Position"/>
        <constraint xsi:type="primary" referenceId="PRIMARY">
            <column name="entity_id"/>
            <column name="post_id"/>
        </constraint>
        <constraint xsi:type="foreign" referenceId="Mageplaza_Blog_Post_Product_Blog_Entity"
                    table="mageplaza_blog_post_product"
                    column="entity_id" referenceTable="catalog_product_entity" referenceColumn="entity_id"
                    onDelete="CASCADE"/>
        <constraint xsi:type="foreign" referenceId="Mageplaza_Blog_Post_Product_Blog_Post"
                    table="mageplaza_blog_post_product"
                    column="post_id" referenceTable="mageplaza_blog_post" referenceColumn="post_id"
                    onDelete="CASCADE"/>
        <index referenceId="mageplaza_blog_post_product" indexType="btree">
            <column name="post_id"/>
            <column name="entity_id"/>
        </index>
    </table>
    <table name="mageplaza_blog_post_traffic" resource="default" engine="innodb"
           comment="Mageplaza Blog Post Traffic Table">
        <column xsi:type="int" name="traffic_id" padding="10" unsigned="true" identity="true" nullable="false"
                comment="Traffic ID"/>
        <column xsi:type="int" name="post_id" padding="10" unsigned="true" nullable="false" comment="Post ID"/>
        <column xsi:type="int" name="numbers_view" padding="11" nullable="true"/>
        <constraint xsi:type="primary" referenceId="PRIMARY">
            <column name="traffic_id"/>
        </constraint>
        <constraint xsi:type="foreign" referenceId="Mageplaza_Blog_Post_Traffic_Blog_Post"
                    table="mageplaza_blog_post_traffic"
                    column="post_id" referenceTable="mageplaza_blog_post" referenceColumn="post_id"
                    onDelete="CASCADE"/>
        <index referenceId="mageplaza_blog_post_product" indexType="btree">
            <column name="traffic_id"/>
        </index>
    </table>
    <table name="mageplaza_blog_post_like" resource="default" engine="innodb" comment="Mageplaza Blog Post Like Table">
        <column xsi:type="int" name="like_id" padding="10" unsigned="true" identity="true" nullable="false"
                comment="Like ID"/>
        <column xsi:type="int" name="post_id" padding="10" unsigned="true" nullable="false" comment="Post ID"/>
        <column xsi:type="int" name="action" padding="10" unsigned="true" nullable="false" comment="type like"/>
        <column xsi:type="int" name="entity_id" padding="10" unsigned="true" nullable="false" comment="User Like ID"/>
        <constraint xsi:type="primary" referenceId="PRIMARY">
            <column name="like_id"/>
        </constraint>
        <constraint xsi:type="foreign" referenceId="Mageplaza_Blog_Post_Like_Blog_Post" table="mageplaza_blog_post_like"
                    column="post_id" referenceTable="mageplaza_blog_post" referenceColumn="post_id"
                    onDelete="CASCADE"/>
        <index referenceId="mageplaza_blog_post_like" indexType="btree">
            <column name="like_id"/>
        </index>
    </table>
</schema>